Sample,timepoint,age,sample,dam_cage,cohort,sex,diet,treatment,legend,Acetate,Propionate,IsoButyrate,Butyrate,IsoValerate,Valerate,Total
104 dam,dam,dam,104dam,104,cohort1,F,Control,Vehicle,Control Vehicle,26.40544518,6.118469463,0.603384842,3.660779985,0.684326711,1.835908756,39.30831494
105 dam,dam,dam,105dam,105,cohort1,F,Control,Vehicle,Control Vehicle,14.04126984,4.263492063,0.520634921,3.885714286,0.498412698,1.66984127,24.87936508
106 dam,dam,dam,106dam,106,cohort1,F,HFHS,FOS+GOS,HFHS FOS+GOS,29.31730238,7.25262576,0.436705362,3.537866224,0.43946932,1.348811498,42.33278054
107 dam,dam,dam,107dam,107,cohort1,F,HFHS,Vehicle,HFHS Vehicle,26.18945869,7.072649573,0.897435897,6.502849003,0.925925926,3.333333333,44.92165242
110 dam,dam,dam,110dam,110,cohort1,F,HFHS,Vehicle,HFHS Vehicle,19.40903054,4.225320938,0.633023462,2.850818946,0.613103143,1.32580788,29.05710491
111 dam,dam,dam,111dam,111,cohort1,F,HFHS,1472,HFHS B. longum APC1472,20.35639413,8.238993711,0.854297694,3.909853249,0.791404612,2.520964361,36.67190776
113 dam,dam,dam,113dam,113,cohort4,F,Control,Vehicle,Control Vehicle,14.6678744,3.605072464,0.489130435,2.989130435,0.603864734,2.632850242,24.98792271
114 dam,dam,dam,114dam,114,cohort3,F,HFHS,FOS+GOS,HFHS FOS+GOS,28.52516193,7.326856004,0.635276532,6.128550075,0.647732935,1.362730443,44.62630792
115 dam,dam,dam,115dam,115,cohort1,F,HFHS,1472,HFHS B. longum APC1472,11.61111111,4.479166667,0.548611111,2.486111111,0.496527778,1.604166667,21.22569444
116 dam,dam,dam,116dam,116,cohort4,F,HFHS,1472,HFHS B. longum APC1472,15.43874644,3.689458689,0.458689459,2.256410256,0.495726496,1.452991453,23.79202279
117 dam,dam,dam,117dam,117,cohort2,F,Control,Vehicle,Control Vehicle,15.12091503,3.140522876,0.486928105,2.192810458,0.539215686,1.522875817,23.00326797
118 dam,dam,dam,118dam,118,cohort6,F,HFHS,FOS+GOS,HFHS FOS+GOS,34.17717718,8.405405405,0.552552553,3.981981982,0.600600601,1.465465465,49.18318318
119 dam,dam,dam,119dam,119,cohort2,F,HFHS,FOS+GOS,HFHS FOS+GOS,54.53074434,7.796655879,0.191477886,2.59978425,0.329018339,1.19201726,66.63969795
120 dam,dam,dam,120dam,120,cohort2,F,HFHS,1472,HFHS B. longum APC1472,12.93080506,4.424484365,0.469061876,2.850964737,0.508982036,1.593479707,22.77777778
121 dam,dam,dam,121dam,121,cohort2,F,HFHS,Vehicle,HFHS Vehicle,16.65662651,4.943105756,0.558902276,2.764390897,0.592369478,1.633199465,27.14859438
122 dam,dam,dam,122dam,122,cohort2,F,Control,Vehicle,Control Vehicle,14.675588,5.04460665,0.673154907,3.252230333,0.665044607,1.877534469,26.18815896
123 dam,dam,dam,123dam,123,cohort2,F,HFHS,Vehicle,HFHS Vehicle,16.83106576,5.68877551,0.736961451,3.353174603,0.68877551,1.505102041,28.80385488
124 dam,dam,dam,124dam,124,cohort2,F,HFHS,FOS+GOS,HFHS FOS+GOS,25.25413712,5.646178093,0.394011032,2.425137904,0.439322301,1.012608353,35.1713948
125 dam,dam,dam,125dam,125,cohort3,F,HFHS,Vehicle,HFHS Vehicle,18.22447447,4.740990991,0.589339339,3.284534535,0.570570571,1.775525526,29.18543544
126 dam,dam,dam,126dam,126,cohort4,F,HFHS,Vehicle,HFHS Vehicle,18.55620155,5.881782946,0.59754522,2.645348837,0.584625323,1.585917313,29.85142119
127 dam,dam,dam,127dam,127,cohort2,F,HFHS,1472,HFHS B. longum APC1472,25.1335056,6.464254953,0.740740741,3.880275624,0.732127476,2.114556417,39.06546081
128 dam,dam,dam,128dam,128,cohort2,F,HFHS,FOS+GOS,HFHS FOS+GOS,25.76457646,6.237623762,0.45929593,2.799779978,0.54180418,1.331133113,37.13421342
129 dam,dam,dam,129dam,129,cohort4,F,Control,Vehicle,Control Vehicle,29.46078431,6.552287582,0.784313725,5.196078431,0.800653595,2.144607843,44.93872549
130 dam,dam,dam,130dam,130,cohort5,F,HFHS,1472,HFHS B. longum APC1472,20.84377611,6.357560568,0.74770259,3.337510443,0.710108605,2.063492063,34.06015038
131 dam,dam,dam,131dam,131,cohort6,F,Control,Vehicle,Control Vehicle,15.93657817,4.314159292,0.425270403,1.093903638,0.476892822,1.243854474,23.4906588
133 dam,dam,dam,133dam,133,cohort6,F,HFHS,Vehicle,HFHS Vehicle,24.21367521,6.957264957,0.901709402,3.55982906,1.085470085,2.333333333,39.05128205
135 dam,dam,dam,135dam,135,cohort6,F,HFHS,1472,HFHS B. longum APC1472,12.09876543,3.959034792,0.426487093,2.112794613,0.448933782,1.338383838,20.38439955
136 dam,dam,dam,136dam,136,cohort6,F,HFHS,FOS+GOS,HFHS FOS+GOS,84.95024876,11.82006633,0.476782753,5.020729685,0.543117745,1.940298507,104.7512438
107 w5,w5,pup,107,105,1,M,Control,Vehicle,Control Vehicle,28.03782506,6.134751773,0.567375887,4.007092199,0.691489362,2.695035461,42.13356974
108 w5,w5,pup,108,110,1,M,HFHS,Vehicle,HFHS Vehicle,16.92393736,4.395973154,0.48098434,3.117076808,0.548098434,1.774794929,27.24086503
111 w5,w5,pup,111,110,1,M,HFHS,Vehicle,HFHS Vehicle,16.9619883,4.207602339,0.385964912,2.926900585,0.429824561,1.418128655,26.33040936
112 w5,w5,pup,112,110,1,M,HFHS,Vehicle,HFHS Vehicle,15.80168776,4.483122363,0.474683544,2.988748242,0.513361463,1.67721519,25.93881857
118 w5,w5,pup,118,104,1,M,Control,Vehicle,Control Vehicle,19.48275862,4.329501916,0.463601533,2.816091954,0.475095785,1.750957854,29.31800766
120 w5,w5,pup,120,107,1,M,HFHS,Vehicle,HFHS Vehicle,13.45833333,3.635416667,0.354166667,2.767361111,0.413194444,1.590277778,22.21875
123 w5,w5,pup,123,106,1,F,HFHS,FOS+GOS,HFHS FOS+GOS,37.67872524,5.699827735,0.297157623,10.66968131,0.374677003,1.096037898,55.8161068
127 w5,w5,pup,127,106,1,M,HFHS,FOS+GOS,HFHS FOS+GOS,25.58230453,3.469135802,0.279835391,3.21399177,0.409465021,1.0781893,34.03292181
129 w5,w5,pup,129,115,1,F,HFHS,1472,HFHS B. longum APC1472,21.09053498,5.730452675,0.637860082,3.991769547,0.694444444,2.417695473,34.5627572
203 w5,w5,pup,203,117,2,M,Control,Vehicle,Control Vehicle,26.48526077,7.936507937,0.918367347,6.201814059,1.145124717,4.943310658,47.63038549
206 w5,w5,pup,206,122,2,F,Control,Vehicle,Control Vehicle,16.11570248,4.476584022,0.541781451,3.269054178,0.592286501,2.121212121,27.11662075
210 w5,w5,pup,210,123,2,F,HFHS,Vehicle,HFHS Vehicle,34.46666667,6.677777778,0.811111111,5.622222222,0.988888889,4.744444444,53.31111111
214 w5,w5,pup,214,123,2,M,HFHS,Vehicle,HFHS Vehicle,20.98039216,6.405228758,0.713507625,4.564270153,0.762527233,2.527233115,35.95315904
215 w5,w5,pup,215,123,2,M,HFHS,Vehicle,HFHS Vehicle,15.89065256,4.58994709,0.467372134,3.403880071,0.529100529,2.05026455,26.93121693
220 w5,w5,pup,220,121,2,M,HFHS,Vehicle,HFHS Vehicle,18.93289329,5.478547855,0.665566557,5.170517052,0.687568757,2.607260726,33.54235424
222 w5,w5,pup,222,121,2,M,HFHS,Vehicle,HFHS Vehicle,14.55197133,4.112903226,0.474910394,4.032258065,0.510752688,2.051971326,25.73476703
229 w5,w5,pup,229,124,2,M,HFHS,FOS+GOS,HFHS FOS+GOS,16.63934426,3.724954463,0.473588342,2.850637523,0.564663024,2.04007286,26.29326047
230 w5,w5,pup,230,119,2,F,HFHS,FOS+GOS,HFHS FOS+GOS,48.59157986,4.600694444,0.193142361,4.288194444,1.54296875,1.011284722,60.22786458
240 w5,w5,pup,240,128,2,M,HFHS,FOS+GOS,HFHS FOS+GOS,18.16378066,3.838383838,0.483405483,2.752525253,0.523088023,1.731601732,27.49278499
244 w5,w5,pup,244,120,2,F,HFHS,1472,HFHS B. longum APC1472,18.08531746,6.200396825,0.803571429,5.079365079,0.942460317,4.255952381,35.36706349
249 w5,w5,pup,249,127,2,F,HFHS,1472,HFHS B. longum APC1472,25.90534979,8.374485597,0.905349794,6.244855967,1.008230453,4.465020576,46.90329218
253 w5,w5,pup,253,127,2,M,HFHS,1472,HFHS B. longum APC1472,17.01719577,4.136904762,0.46957672,3.558201058,0.532407407,1.617063492,27.33134921
301 w5,w5,pup,301,125,3,F,HFHS,Vehicle,HFHS Vehicle,31.8875502,5.702811245,0.609103079,5.421686747,0.729585007,3.085676037,47.43641232
309 w5,w5,pup,309,125,3,M,HFHS,Vehicle,HFHS Vehicle,17.43621399,5.102880658,0.547325103,4.427983539,0.555555556,1.987654321,30.05761317
313 w5,w5,pup,313,114,3,M,HFHS,FOS+GOS,HFHS FOS+GOS,20.02657005,4.094202899,0.311594203,3.20531401,0.391304348,1.195652174,29.22463768
316 w5,w5,pup,316,114,3,M,HFHS,FOS+GOS,HFHS FOS+GOS,28.45730028,5.663452709,0.371900826,4.233241506,0.486685032,1.278696051,40.4912764
317 w5,w5,pup,317,114,3,M,HFHS,FOS+GOS,HFHS FOS+GOS,17.81979458,3.790849673,0.396825397,2.142857143,0.504201681,1.202147526,25.856676
318 w5,w5,pup,318,114,3,M,HFHS,FOS+GOS,HFHS FOS+GOS,26.59019343,4.289248763,0.276653171,4.077822762,0.366621682,1.115609537,36.71614935
403 w5,w5,pup,403,129,4,F,Control,Vehicle,Control Vehicle,21.5037037,5.622222222,0.703703704,4.237037037,0.777777778,3.237037037,36.08148148
404 w5,w5,pup,404,129,4,M,Control,Vehicle,Control Vehicle,26.76262626,5.757575758,0.686868687,4.176767677,0.742424242,2.383838384,40.51010101
410 w5,w5,pup,410,113,4,F,Control,Vehicle,Control Vehicle,30.09485095,8.902439024,1.029810298,8.550135501,1.192411924,5.975609756,55.74525745
414 w5,w5,pup,414,113,4,M,Control,Vehicle,Control Vehicle,36.50715072,6.672167217,0.759075908,4.9559956,0.869086909,2.634763476,52.39823982
415 w5,w5,pup,415,113,4,M,Control,Vehicle,Control Vehicle,27.67283951,5.925925926,0.691358025,4.450617284,0.75308642,2.771604938,42.2654321
416 w5,w5,pup,416,113,4,M,Control,Vehicle,Control Vehicle,28.96421846,6.619585687,0.81920904,5.885122411,0.979284369,4.152542373,47.41996234
424 w5,w5,pup,424,126,4,M,HFHS,Vehicle,HFHS Vehicle,10.2977978,2.905405405,0.322822823,2.284784785,0.372872873,1.193693694,17.37737738
425 w5,w5,pup,425,126,4,M,HFHS,Vehicle,HFHS Vehicle,14.76359338,5.386130812,0.516154452,2.911741529,0.563435776,1.962174941,26.10323089
437 w5,w5,pup,437,116,4,F,HFHS,1472,HFHS B. longum APC1472,29.92424242,6.369949495,0.820707071,5.599747475,0.883838384,3.005050505,46.60353535
440 w5,w5,pup,440,116,4,M,HFHS,1472,HFHS B. longum APC1472,18.13675214,4.739316239,0.517094017,3.709401709,0.645299145,2.034188034,29.78205128
502 w5,w5,pup,502,130,5,F,HFHS,1472,HFHS B. longum APC1472,27.6984127,8.047619048,0.880952381,5.357142857,0.952380952,3.650793651,46.58730159
504 w5,w5,pup,504,130,5,F,HFHS,1472,HFHS B. longum APC1472,23.68686869,8.008658009,0.923520924,4.769119769,0.974025974,3.253968254,41.61616162
505 w5,w5,pup,505,130,5,M,HFHS,1472,HFHS B. longum APC1472,17.6146789,5.606523955,0.606523955,3.75637105,0.652395515,2.370030581,30.60652396
601 w5,w5,pup,601,131,6,F,Control,Vehicle,Control Vehicle,12.32744108,3.611111111,0.404040404,3.089225589,0.513468013,1.906565657,21.85185185
602 w5,w5,pup,602,131,6,F,Control,Vehicle,Control Vehicle,19.68710089,5.229885057,0.651340996,4.38697318,0.88761175,2.899106003,33.74201788
603 w5,w5,pup,603,131,6,F,Control,Vehicle,Control Vehicle,25.71428571,5.562169312,0.271164021,4.728835979,0.992063492,3.121693122,40.39021164
604 w5,w5,pup,604,131,6,M,Control,Vehicle,Control Vehicle,21.80680681,4.384384384,0.49049049,3.968968969,0.680680681,2.277277277,33.60860861
605 w5,w5,pup,605,131,6,M,Control,Vehicle,Control Vehicle,17.19348659,4.133141762,0.488505747,3.146551724,0.656130268,2.136015326,27.75383142
606 w5,w5,pup,606,131,6,M,Control,Vehicle,Control Vehicle,14.73015873,3.936507937,0.46031746,3.17989418,0.666666667,2.328042328,25.3015873
607 w5,w5,pup,607,131,6,M,Control,Vehicle,Control Vehicle,15.37254902,4.202614379,0.503267974,3.666666667,0.751633987,2.836601307,27.33333333
608 w5,w5,pup,608,133,6,F,HFHS,Vehicle,HFHS Vehicle,31.23243934,6.028097063,0.702426564,5.102171137,0.785440613,2.943805875,46.79438059
609 w5,w5,pup,609,133,6,F,HFHS,Vehicle,HFHS Vehicle,33.0976431,6.021324355,0.751964085,4.562289562,0.869809203,2.699214366,48.00224467
610 w5,w5,pup,610,133,6,F,HFHS,Vehicle,HFHS Vehicle,20.56556557,5.035035035,0.675675676,4.664664665,0.775775776,2.332332332,34.04904905
611 w5,w5,pup,611,133,6,F,HFHS,Vehicle,HFHS Vehicle,18.86192017,4.951456311,0.625674218,4.455231931,0.72815534,2.502696872,32.12513484
612 w5,w5,pup,612,133,6,F,HFHS,Vehicle,HFHS Vehicle,17.67944936,4.950835792,0.634218289,4.041297935,0.742379548,2.281219272,30.3294002
613 w5,w5,pup,613,133,6,F,HFHS,Vehicle,HFHS Vehicle,24.76851852,4.772727273,0.580808081,4.023569024,0.677609428,1.990740741,36.81397306
614 w5,w5,pup,614,133,6,M,HFHS,Vehicle,HFHS Vehicle,15.2003643,3.424408015,0.406800243,3.25136612,0.506982392,1.472374013,24.26229508
615 w5,w5,pup,615,133,6,M,HFHS,Vehicle,HFHS Vehicle,15.55266204,3.69212963,0.439814815,2.818287037,0.500578704,1.472800926,24.47627315
616 w5,w5,pup,616,133,6,M,HFHS,Vehicle,HFHS Vehicle,13.70940171,3.458689459,0.441595442,2.347578348,0.492877493,1.421652422,21.87179487
617 w5,w5,pup,617,118,6,F,HFHS,FOS+GOS,HFHS FOS+GOS,24.79922992,4.172167217,0.396039604,4.848734873,0.53080308,1.320132013,36.06710671
618 w5,w5,pup,618,118,6,F,HFHS,FOS+GOS,HFHS FOS+GOS,26.48333333,4.672222222,0.475,4.761111111,0.555555556,1.375,38.32222222
619 w5,w5,pup,619,118,6,F,HFHS,FOS+GOS,HFHS FOS+GOS,25.83333333,4.892676768,0.464015152,4.119318182,0.55239899,1.521464646,37.38320707
620 w5,w5,pup,620,118,6,F,HFHS,FOS+GOS,HFHS FOS+GOS,25.66108007,4.894475481,0.450031037,3.836126629,0.524518932,1.48355059,36.84978274
621 w5,w5,pup,621,118,6,M,HFHS,FOS+GOS,HFHS FOS+GOS,18.02910053,3.386243386,0.377928949,2.930839002,0.459183673,0.956160242,26.13945578
622 w5,w5,pup,622,118,6,M,HFHS,FOS+GOS,HFHS FOS+GOS,20.86013645,3.625730994,0.406920078,3.17251462,0.501949318,1.218323587,29.78557505
623 w5,w5,pup,623,136,6,F,HFHS,FOS+GOS,HFHS FOS+GOS,40.18783069,8.092592593,0.388888889,5.082010582,0.489417989,1.283068783,55.52380952
624 w5,w5,pup,624,136,6,F,HFHS,FOS+GOS,HFHS FOS+GOS,27.79259259,5.32962963,0.403703704,3.262962963,0.540740741,1.725925926,39.05555556
625 w5,w5,pup,625,136,6,F,HFHS,FOS+GOS,HFHS FOS+GOS,25.01970055,5.24034673,0.445232467,3.085106383,0.575256107,1.82427108,36.18991332
626 w5,w5,pup,626,136,6,F,HFHS,FOS+GOS,HFHS FOS+GOS,18.31454643,3.073000537,0.244229737,1.991411702,0.308641975,1.231884058,25.16371444
627 w5,w5,pup,627,136,6,M,HFHS,FOS+GOS,HFHS FOS+GOS,21.23404255,3.593380615,0.359338061,4.85106383,0.468085106,1.170212766,31.67612293
628 w5,w5,pup,628,136,6,M,HFHS,FOS+GOS,HFHS FOS+GOS,20.6712963,3.969907407,0.381944444,2.93595679,0.49382716,1.790123457,30.24305556
630 w5,w5,pup,630,136,6,M,HFHS,FOS+GOS,HFHS FOS+GOS,21.80076628,4.240102171,0.38633461,3.071519796,0.472541507,1.497445722,31.46871009
631 w5,w5,pup,631,136,6,M,HFHS,FOS+GOS,HFHS FOS+GOS,22.2962963,4.744444444,0.414814815,3.107407407,0.522222222,1.755555556,32.84074074
632 w5,w5,pup,632,135,6,F,HFHS,1472,HFHS B. longum APC1472,28.2881137,6.789405685,0.788113695,6.156330749,0.917312661,3.094315245,46.03359173
633 w5,w5,pup,633,135,6,F,HFHS,1472,HFHS B. longum APC1472,27.21703011,5.809968847,0.711318795,5.15576324,0.804776739,2.507788162,42.2066459
634 w5,w5,pup,634,135,6,F,HFHS,1472,HFHS B. longum APC1472,31.61375661,7.054673721,0.864197531,6.781305115,1.031746032,4.021164021,51.36684303
635 w5,w5,pup,635,135,6,M,HFHS,1472,HFHS B. longum APC1472,19.32308522,4.614347357,0.450377562,2.950377562,0.509708738,1.445523193,29.29341963
636 w5,w5,pup,636,135,6,M,HFHS,1472,HFHS B. longum APC1472,18.09297052,3.839002268,0.408163265,2.931972789,0.46031746,1.263038549,26.99546485
637 w5,w5,pup,637,135,6,M,HFHS,1472,HFHS B. longum APC1472,20.223398,4.720752499,0.552616108,3.365667255,0.587889477,1.58436214,31.03468548
638 w5,w5,pup,638,135,6,M,HFHS,1472,HFHS B. longum APC1472,15.54341226,3.952641166,0.461445052,3.488160291,0.534304797,1.533090468,25.51305404
